image_id,AMD,Prediction
003e76f7-da23-5760-24a4-30c7887768ea.jpg,0.9989445209503174,True
0079a446-37a1-a6a6-500a-513b9f60baa8.jpg,0.4040684700012207,True
0211017f-333a-4f54-0b1e-f24ca42ab0f9.jpg,5.969175981590524e-05,False
0750825b-ed3c-0fc0-0e84-6d2853485a87.jpg,5.343776138033718e-05,False
